{
  "Add others information" : {
    "transaction" : "Add others information",
    "sampleCount" : 700,
    "errorCount" : 0,
    "errorPct" : 0.0,
    "meanResTime" : 345.40285714285693,
    "medianResTime" : 192.5,
    "minResTime" : 17.0,
    "maxResTime" : 25040.0,
    "pct1ResTime" : 655.4999999999999,
    "pct2ResTime" : 920.9499999999999,
    "pct3ResTime" : 1397.0,
    "throughput" : 6.967808723696522,
    "receivedKBytesPerSec" : 2.960667419646234,
    "sentKBytesPerSec" : 8.454465758819255
  },
  "getAllFiles" : {
    "transaction" : "getAllFiles",
    "sampleCount" : 700,
    "errorCount" : 0,
    "errorPct" : 0.0,
    "meanResTime" : 103.90857142857142,
    "medianResTime" : 31.0,
    "minResTime" : 12.0,
    "maxResTime" : 1059.0,
    "pct1ResTime" : 322.0,
    "pct2ResTime" : 406.5499999999994,
    "pct3ResTime" : 589.5900000000004,
    "throughput" : 6.969265538973128,
    "receivedKBytesPerSec" : 2.7359714751695026,
    "sentKBytesPerSec" : 6.186992705916906
  },
  "GetAssetOperationQueries" : {
    "transaction" : "GetAssetOperationQueries",
    "sampleCount" : 700,
    "errorCount" : 0,
    "errorPct" : 0.0,
    "meanResTime" : 212.94428571428566,
    "medianResTime" : 23.0,
    "minResTime" : 11.0,
    "maxResTime" : 3822.0,
    "pct1ResTime" : 406.9,
    "pct2ResTime" : 660.8999999999999,
    "pct3ResTime" : 3811.99,
    "throughput" : 6.968641114982578,
    "receivedKBytesPerSec" : 2.7357068970881033,
    "sentKBytesPerSec" : 5.397021994773519
  },
  "GetVRMQueries" : {
    "transaction" : "GetVRMQueries",
    "sampleCount" : 700,
    "errorCount" : 0,
    "errorPct" : 0.0,
    "meanResTime" : 90.58571428571413,
    "medianResTime" : 27.0,
    "minResTime" : 12.0,
    "maxResTime" : 3802.0,
    "pct1ResTime" : 261.4999999999999,
    "pct2ResTime" : 409.89999999999986,
    "pct3ResTime" : 653.97,
    "throughput" : 6.969126768415918,
    "receivedKBytesPerSec" : 2.7363253443495315,
    "sentKBytesPerSec" : 5.37698075649871
  },
  "getAccountsSearch" : {
    "transaction" : "getAccountsSearch",
    "sampleCount" : 700,
    "errorCount" : 49,
    "errorPct" : 7.0,
    "meanResTime" : 444.1585714285718,
    "medianResTime" : 359.0,
    "minResTime" : 6.0,
    "maxResTime" : 1606.0,
    "pct1ResTime" : 982.9,
    "pct2ResTime" : 1089.85,
    "pct3ResTime" : 1346.98,
    "throughput" : 6.963095593355217,
    "receivedKBytesPerSec" : 9.089035144981597,
    "sentKBytesPerSec" : 5.397147073634736
  },
  "Logout  Request" : {
    "transaction" : "Logout  Request",
    "sampleCount" : 700,
    "errorCount" : 49,
    "errorPct" : 7.0,
    "meanResTime" : 59.38428571428567,
    "medianResTime" : 44.0,
    "minResTime" : 9.0,
    "maxResTime" : 635.0,
    "pct1ResTime" : 111.0,
    "pct2ResTime" : 150.8499999999998,
    "pct3ResTime" : 287.9000000000001,
    "throughput" : 6.968363629123778,
    "receivedKBytesPerSec" : 1.6083426555936051,
    "sentKBytesPerSec" : 1.5219477789585283
  },
  "Submit Applicant" : {
    "transaction" : "Submit Applicant",
    "sampleCount" : 700,
    "errorCount" : 0,
    "errorPct" : 0.0,
    "meanResTime" : 668.5614285714291,
    "medianResTime" : 603.0,
    "minResTime" : 60.0,
    "maxResTime" : 6242.0,
    "pct1ResTime" : 1036.0,
    "pct2ResTime" : 1222.0499999999988,
    "pct3ResTime" : 1753.98,
    "throughput" : 6.964966219913833,
    "receivedKBytesPerSec" : 2.8781304258330596,
    "sentKBytesPerSec" : 10.40704708441539
  },
  "getLov" : {
    "transaction" : "getLov",
    "sampleCount" : 700,
    "errorCount" : 0,
    "errorPct" : 0.0,
    "meanResTime" : 313.8542857142857,
    "medianResTime" : 174.5,
    "minResTime" : 20.0,
    "maxResTime" : 25816.0,
    "pct1ResTime" : 584.4999999999999,
    "pct2ResTime" : 818.8499999999998,
    "pct3ResTime" : 3019.95,
    "throughput" : 6.967808723696522,
    "receivedKBytesPerSec" : 38.745993509983876,
    "sentKBytesPerSec" : 5.478031338963986
  },
  "getLoanDisbursementStatus" : {
    "transaction" : "getLoanDisbursementStatus",
    "sampleCount" : 700,
    "errorCount" : 0,
    "errorPct" : 0.0,
    "meanResTime" : 141.60999999999999,
    "medianResTime" : 25.5,
    "minResTime" : 11.0,
    "maxResTime" : 1635.0,
    "pct1ResTime" : 442.69999999999993,
    "pct2ResTime" : 596.9499999999999,
    "pct3ResTime" : 1052.7300000000002,
    "throughput" : 6.968432998516719,
    "receivedKBytesPerSec" : 2.7362862638497605,
    "sentKBytesPerSec" : 5.376445483211054
  },
  "Total" : {
    "transaction" : "Total",
    "sampleCount" : 8400,
    "errorCount" : 98,
    "errorPct" : 1.1666666,
    "meanResTime" : 390.77440476190543,
    "medianResTime" : 98.0,
    "minResTime" : 6.0,
    "maxResTime" : 30545.0,
    "pct1ResTime" : 783.0,
    "pct2ResTime" : 1018.0,
    "pct3ResTime" : 3802.99,
    "throughput" : 83.23259546976873,
    "receivedKBytesPerSec" : 89.12546051963398,
    "sentKBytesPerSec" : 66.15567940154278
  },
  "GetCRMStatus" : {
    "transaction" : "GetCRMStatus",
    "sampleCount" : 700,
    "errorCount" : 0,
    "errorPct" : 0.0,
    "meanResTime" : 146.56285714285735,
    "medianResTime" : 24.0,
    "minResTime" : 11.0,
    "maxResTime" : 3820.0,
    "pct1ResTime" : 297.9,
    "pct2ResTime" : 503.29999999999905,
    "pct3ResTime" : 3806.99,
    "throughput" : 6.968988003384937,
    "receivedKBytesPerSec" : 2.7362416932151925,
    "sentKBytesPerSec" : 5.376873693314749
  },
  "get ApplicationById" : {
    "transaction" : "get ApplicationById",
    "sampleCount" : 700,
    "errorCount" : 0,
    "errorPct" : 0.0,
    "meanResTime" : 1801.6499999999985,
    "medianResTime" : 722.5,
    "minResTime" : 89.0,
    "maxResTime" : 30545.0,
    "pct1ResTime" : 1331.9,
    "pct2ResTime" : 4534.6499999999205,
    "pct3ResTime" : 25833.99,
    "throughput" : 6.958181330205465,
    "receivedKBytesPerSec" : 9.224550684759595,
    "sentKBytesPerSec" : 5.456872167026173
  },
  "Login Request" : {
    "transaction" : "Login Request",
    "sampleCount" : 700,
    "errorCount" : 0,
    "errorPct" : 0.0,
    "meanResTime" : 360.66999999999933,
    "medianResTime" : 105.5,
    "minResTime" : 13.0,
    "maxResTime" : 11993.0,
    "pct1ResTime" : 268.9,
    "pct2ResTime" : 383.94999999999857,
    "pct3ResTime" : 10592.320000000003,
    "throughput" : 6.9652434352580626,
    "receivedKBytesPerSec" : 11.32429256136877,
    "sentKBytesPerSec" : 2.0170443238241176
  }
}